Region,Mean Z-Score
rSupPostCerebCI,513408027.40207547
lSupPostCerebCI,447414087.1773096
rSupPostCerebLVI,355705364.733553
rSupPostCerebCII,296923572.88795453
rStriatum,231399895.37245104
lStriatum,219212443.33053178
lSupPostCerebLVI,210190429.47962385
lSupPostCerebCII,157812874.2218083
lTha,102635437.46222512
lInfPostCerebLVIIIA,64882398.69500889
