Region,Mean Z-Score
rSupPostCerebCI,555060180.9411434
lSupPostCerebCI,474758926.9639237
rSupPostCerebLVI,374177451.5794205
rSupPostCerebCII,295743042.71876836
rStriatum,279770325.9132564
lStriatum,256780757.016085
lSupPostCerebLVI,216615143.30237338
lSupPostCerebCII,158997702.53389025
lTha,102148670.97477032
lInfPostCerebLVIIIA,63105851.04157867
