Diagnosis,mean,std
CTT,0.21299331798285745,0.1225475492578795
MDD,0.16296409228081393,0.08525350718960584
SCHZ,0.15732744701519552,0.07885598001653402
HC,0.12672691866098354,0.063792964662233
